{
  "best_reward": 1.069541984732824,
  "training_step": 0,
  "intervention_threshold": 0.6000000000000001
}