{
  "best_reward": 1.0244783715012722,
  "training_step": 1,
  "intervention_threshold": 0.7500000000000002
}